{
    "_ColorR": 1.0,
    "_ColorG": 1.0,
    "_ColorB": 1.0,
    "_RampLevels": 2.0,
    "_LightScalar": 1.0,
    "_HighColorR": 0.9882352948188782,
    "_HighColorG": 0.9058823585510254,
    "_HighColorB": 0.384313702583313,
    "_HighIntensity": 3.7699999809265138,
    "_LowColorR": 0.3999999761581421,
    "_LowColorG": 0.06274507939815521,
    "_LowColorB": 0.12156858295202255,
    "_LowIntensity": 1.9500000476837159,
    "_OutlineColorR": 0.4000000059604645,
    "_OutlineColorG": 0.06274507939815521,
    "_OutlineColorB": 0.12156858295202255,
    "_OutlineSize": 25.0,
    "_RimColorR": 1.0,
    "_RimColorG": 1.0,
    "_RimColorB": 1.0,
    "_RimAlpha": 0.0,
    "_RimPower": 0.0,
    "_RimDropOff": 0.0,
    "_FresnelColorR": 0.6700000166893005,
    "_FresnelColorG": 0.6700000166893005,
    "_FresnelColorB": 0.6700000166893005,
    "_FresnelBrightness": 0.0,
    "_FresnelPower": 0.0,
    "_FresnelShadowDropoff": 0.0,
    "_GradYCap": 0.0,
    "_GradIntensity": 0.0
}