{
    "_ColorR": 1.0,
    "_ColorG": 1.0,
    "_ColorB": 1.0,
    "_RampLevels": 2.0,
    "_LightScalar": 2.930000066757202,
    "_HighColorR": 0.27358484268188479,
    "_HighColorG": 0.27358484268188479,
    "_HighColorB": 0.27358484268188479,
    "_HighIntensity": 1.5,
    "_LowColorR": 0.0,
    "_LowColorG": 0.0,
    "_LowColorB": 0.0,
    "_LowIntensity": 1.0,
    "_OutlineColorR": 1.0,
    "_OutlineColorG": 0.06185412406921387,
    "_OutlineColorB": 0.0,
    "_OutlineSize": 25.0,
    "_RimColorR": 1.0,
    "_RimColorG": 1.0,
    "_RimColorB": 1.0,
    "_RimAlpha": 0.0,
    "_RimPower": 0.0,
    "_RimDropOff": 0.0,
    "_FresnelColorR": 0.5620689392089844,
    "_FresnelColorG": 0.5620689392089844,
    "_FresnelColorB": 0.5620689392089844,
    "_FresnelBrightness": 0.0,
    "_FresnelPower": 0.0,
    "_FresnelShadowDropoff": 0.0,
    "_GradYCap": 0.0,
    "_GradIntensity": 0.0
}