{
    "_ColorR": 1.0,
    "_ColorG": 1.0,
    "_ColorB": 1.0,
    "_RampLevels": 2.0,
    "_LightScalar": 9.609999656677246,
    "_HighColorR": 0.9647058844566345,
    "_HighColorG": 0.5568627715110779,
    "_HighColorB": 0.37254899740219118,
    "_HighIntensity": 2.130000114440918,
    "_LowColorR": 1.0,
    "_LowColorG": 1.0,
    "_LowColorB": 0.5176470279693604,
    "_LowIntensity": 1.9500000476837159,
    "_OutlineColorR": 0.0,
    "_OutlineColorG": 0.0,
    "_OutlineColorB": 0.2392156720161438,
    "_OutlineSize": 30.0,
    "_RimColorR": 1.0,
    "_RimColorG": 1.0,
    "_RimColorB": 1.0,
    "_RimAlpha": 0.0,
    "_RimPower": 0.0,
    "_RimDropOff": 0.0,
    "_FresnelColorR": 0.6700000166893005,
    "_FresnelColorG": 0.6700000166893005,
    "_FresnelColorB": 0.6700000166893005,
    "_FresnelBrightness": 0.0,
    "_FresnelPower": 0.0,
    "_FresnelShadowDropoff": 0.0,
    "_GradYCap": 0.0,
    "_GradIntensity": 0.0
}