{
    "_ColorR": 1.0,
    "_ColorG": 1.0,
    "_ColorB": 1.0,
    "_RampLevels": 2.0,
    "_LightScalar": 1.0,
    "_HighColorR": 1.0,
    "_HighColorG": 0.5333333015441895,
    "_HighColorB": 0.06666664779186249,
    "_HighIntensity": 3.0,
    "_LowColorR": 0.0,
    "_LowColorG": 0.0,
    "_LowColorB": 0.2509803771972656,
    "_LowIntensity": 1.9500000476837159,
    "_OutlineColorR": 0.8470588326454163,
    "_OutlineColorG": 0.11764702945947647,
    "_OutlineColorB": 0.35686272382736208,
    "_OutlineSize": 10.0,
    "_RimColorR": 1.0,
    "_RimColorG": 1.0,
    "_RimColorB": 1.0,
    "_RimAlpha": 0.0,
    "_RimPower": 0.0,
    "_RimDropOff": 0.0,
    "_FresnelColorR": 0.6700000166893005,
    "_FresnelColorG": 0.6700000166893005,
    "_FresnelColorB": 0.6700000166893005,
    "_FresnelBrightness": 0.0,
    "_FresnelPower": 0.0,
    "_FresnelShadowDropoff": 0.0,
    "_GradYCap": 0.0,
    "_GradIntensity": 0.0
}