{
    "_ColorR": 1.0,
    "_ColorG": 1.0,
    "_ColorB": 1.0,
    "_RampLevels": 2.0,
    "_LightScalar": 1.0,
    "_HighColorR": 0.9647058844566345,
    "_HighColorG": 0.5568627715110779,
    "_HighColorB": 0.37254899740219118,
    "_HighIntensity": 1.899999976158142,
    "_LowColorR": 0.6666666865348816,
    "_LowColorG": 0.2705881893634796,
    "_LowColorB": 0.5254902243614197,
    "_LowIntensity": 1.9500000476837159,
    "_OutlineColorR": 0.9647058844566345,
    "_OutlineColorG": 0.5568627715110779,
    "_OutlineColorB": 0.37254899740219118,
    "_OutlineSize": 25.0,
    "_RimColorR": 1.0,
    "_RimColorG": 1.0,
    "_RimColorB": 1.0,
    "_RimAlpha": 0.0,
    "_RimPower": 0.0,
    "_RimDropOff": 0.0,
    "_FresnelColorR": 0.6700000166893005,
    "_FresnelColorG": 0.6700000166893005,
    "_FresnelColorB": 0.6700000166893005,
    "_FresnelBrightness": 0.0,
    "_FresnelPower": 0.0,
    "_FresnelShadowDropoff": 0.0,
    "_GradYCap": 0.0,
    "_GradIntensity": 0.0
}