{
    "_ColorR": 1.0,
    "_ColorG": 1.0,
    "_ColorB": 1.0,
    "_RampLevels": 2.0,
    "_LightScalar": 1.0,
    "_HighColorR": 1.0,
    "_HighColorG": 1.0,
    "_HighColorB": 0.5176470279693604,
    "_HighIntensity": 1.9299999475479127,
    "_LowColorR": 0.9450981020927429,
    "_LowColorG": 0.5450980067253113,
    "_LowColorB": 0.3647058606147766,
    "_LowIntensity": 1.9500000476837159,
    "_OutlineColorR": 0.0,
    "_OutlineColorG": 0.0,
    "_OutlineColorB": 0.24705880880355836,
    "_OutlineSize": 25.0,
    "_RimColorR": 1.0,
    "_RimColorG": 1.0,
    "_RimColorB": 1.0,
    "_RimAlpha": 0.0,
    "_RimPower": 0.0,
    "_RimDropOff": 0.0,
    "_FresnelColorR": 0.6700000166893005,
    "_FresnelColorG": 0.6700000166893005,
    "_FresnelColorB": 0.6700000166893005,
    "_FresnelBrightness": 0.0,
    "_FresnelPower": 0.0,
    "_FresnelShadowDropoff": 0.0,
    "_GradYCap": 0.0,
    "_GradIntensity": 0.0
}