{
    "_ColorR": 1.0,
    "_ColorG": 1.0,
    "_ColorB": 1.0,
    "_RampLevels": 2.0,
    "_LightScalar": 0.9200000166893005,
    "_HighColorR": 1.0,
    "_HighColorG": 1.0,
    "_HighColorB": 1.0,
    "_HighIntensity": 1.899999976158142,
    "_LowColorR": 0.8509804010391235,
    "_LowColorG": 0.0117647061124444,
    "_LowColorB": 0.40784311294555666,
    "_LowIntensity": 1.9500000476837159,
    "_OutlineColorR": 0.8509805202484131,
    "_OutlineColorG": 0.011764707043766976,
    "_OutlineColorB": 0.40784314274787905,
    "_OutlineSize": 10.0,
    "_RimColorR": 1.0,
    "_RimColorG": 1.0,
    "_RimColorB": 1.0,
    "_RimAlpha": 0.0,
    "_RimPower": 0.0,
    "_RimDropOff": 0.0,
    "_FresnelColorR": 0.6700000166893005,
    "_FresnelColorG": 0.6700000166893005,
    "_FresnelColorB": 0.6700000166893005,
    "_FresnelBrightness": 0.0,
    "_FresnelPower": 0.0,
    "_FresnelShadowDropoff": 0.0,
    "_GradYCap": 0.0,
    "_GradIntensity": 0.0
}